"","Indicator","VAR","obs","years","database"
"1","Air pollution, level of PM2.5","AIR_POL",395,"2014","Wellbeing"
"2","Disposable income per capita","INCOME_DISP",395,"2014","Wellbeing"
"3","Employment rate","EMP_RA",395,"2014","Wellbeing"
"4","Gini (at disposable income, after taxes and transfers)","GINI",333,"2013, 2010, 2014, 2009, 2011","Wellbeing"
"5","Gini before taxes and transfers","GINIB",333,"2013, 2010, 2014, 2009, 2011","Wellbeing"
"6","Homicide rate","HOMIC_RA",395,"2014","Wellbeing"
"7","Life expectancy at birth","LIFE_EXP",395,"2014","Wellbeing"
"8","Number of rooms per person","ROOMS_PC",393,"2014","Wellbeing"
"9","Perceived social network support","SUBJ_SOC_SUPP",391,"2014","Wellbeing"
"10","Perception of corrution","SUBJ_PERC_CORR",391,"2014","Wellbeing"
"11","Poverty rate after taxes and transfers, Poverty line 50%","PVT5A",333,"2013, 2010, 2014, 2009, 2011","Wellbeing"
"12","Poverty rate after taxes and transfers, Poverty line 60%","PVT6A",333,"2013, 2010, 2014, 2009, 2011","Wellbeing"
"13","Poverty rate before taxes and transfers, Poverty line 50%","PVT5B",333,"2013, 2010, 2014, 2009, 2011","Wellbeing"
"14","Poverty rate before taxes and transfers, Poverty line 60%","PVT6B",333,"2013, 2010, 2014, 2009, 2011","Wellbeing"
"15","S80/S20 disposable income quintile ratio","S80S20A",333,"2013, 2010, 2014, 2009, 2011","Wellbeing"
"16","Self-evaluation of life satisfaction","SUBJ_LIFE_SAT",391,"2014","Wellbeing"
"17","Share of households with internet broadband access","BB_ACC",395,"2014","Wellbeing"
"18","Share of labour force with at least secondary education","EDU38_SH",392,"2014","Wellbeing"
"19","Standardised mortality rate","STD_MORT",395,"2014","Wellbeing"
"20","Unemployment rate","UNEM_RA",395,"2014","Wellbeing"
"21","Voter turnout in general election","VOTERS_SH",395,"2014","Wellbeing"
"22","Age-Adjusted Mortality Rate (deaths for 1000 population)_Females","STD_MORT_F",387,"2013, 2012, 2014, 2011","Demographic"
"23","Age-Adjusted Mortality Rate (deaths for 1000 population)_Males","STD_MORT_M",387,"2013, 2012, 2014","Demographic"
"24","Age-Adjusted Mortality Rate (deaths for 1000 population)_Total","STD_MORT_T",388,"2013, 2012, 2014","Demographic"
"25","Child-to-Woman Ratio (% 0-4 over females 15-49)_Total","KID_WOM_RA_T",388,"2014, 2015","Demographic"
"26","Crude Death Rate (deaths for 100 000 population)_Females","DEATH_RA_F",388,"2013, 2012, 2014","Demographic"
"27","Crude Death Rate (deaths for 100 000 population)_Males","DEATH_RA_M",388,"2013, 2012, 2014","Demographic"
"28","Crude Death Rate (deaths for 100 000 population)_Total","DEATH_RA_T",388,"2013, 2012, 2014","Demographic"
"29","Crude Youth Death Rate (0-14 deaths for 100 000 population of same age group)_Females","YOU_DEATH_RA_F",359,"2013, 2012, 2011, 2007, 2014, 2010, 2008","Demographic"
"30","Crude Youth Death Rate (0-14 deaths for 100 000 population of same age group)_Males","YOU_DEATH_RA_M",363,"2013, 2012, 2011, 2009, 2007, 2014, 2010","Demographic"
"31","Crude Youth Death Rate (0-14 deaths for 100 000 population of same age group)_Total","YOU_DEATH_RA_T",377,"2013, 2012, 2011, 2014, 2009, 2008","Demographic"
"32","Deaths, 0-4_Females","D_Y0_4_F",387,"2013, 2012, 2014, 2011","Demographic"
"33","Deaths, 0-4_Males","D_Y0_4_M",387,"2013, 2012, 2014","Demographic"
"34","Deaths, 0-4_Total","D_Y0_4_T",388,"2013, 2012, 2014","Demographic"
"35","Deaths, 10-14_Females","D_Y10_14_F",363,"2013, 2012, 2011, 2014, 2009","Demographic"
"36","Deaths, 10-14_Males","D_Y10_14_M",370,"2013, 2012, 2009, 2007, 2014, 2010, 2006","Demographic"
"37","Deaths, 10-14_Total","D_Y10_14_T",382,"2013, 2012, 2011, 2014, 2006, 2009, 2010","Demographic"
"38","Deaths, 15-19_Females","D_Y15_19_F",384,"2013, 2012, 2011, 2014, 2009, 2008","Demographic"
"39","Deaths, 15-19_Males","D_Y15_19_M",384,"2013, 2012, 2011, 2014, 2009, 2008","Demographic"
"40","Deaths, 15-19_Total","D_Y15_19_T",388,"2013, 2012, 2014, 2010, 2011","Demographic"
"41","Deaths, 20-24_Females","D_Y20_24_F",383,"2013, 2012, 2014, 2011","Demographic"
"42","Deaths, 20-24_Males","D_Y20_24_M",382,"2013, 2012, 2014, 2011","Demographic"
"43","Deaths, 20-24_Total","D_Y20_24_T",388,"2013, 2012, 2014, 2011","Demographic"
"44","Deaths, 25-29_Females","D_Y25_29_F",382,"2013, 2012, 2011, 2014","Demographic"
"45","Deaths, 25-29_Males","D_Y25_29_M",382,"2013, 2012, 2011, 2014","Demographic"
"46","Deaths, 25-29_Total","D_Y25_29_T",388,"2013, 2012, 2014","Demographic"
"47","Deaths, 30-34_Females","D_Y30_34_F",386,"2013, 2012, 2014, 2011","Demographic"
"48","Deaths, 30-34_Males","D_Y30_34_M",386,"2013, 2012, 2014, 2011","Demographic"
"49","Deaths, 30-34_Total","D_Y30_34_T",388,"2013, 2012, 2014, 2011","Demographic"
"50","Deaths, 35-39_Females","D_Y35_39_F",386,"2013, 2012, 2014, 2011, 2006","Demographic"
"51","Deaths, 35-39_Males","D_Y35_39_M",386,"2013, 2012, 2014, 2011","Demographic"
"52","Deaths, 35-39_Total","D_Y35_39_T",388,"2013, 2012, 2014, 2011","Demographic"
"53","Deaths, 40-44_Females","D_Y40_44_F",388,"2013, 2012, 2014, 2009, 2006, 2011","Demographic"
"54","Deaths, 40-44_Males","D_Y40_44_M",388,"2013, 2012, 2014, 2009, 2006, 2011","Demographic"
"55","Deaths, 40-44_Total","D_Y40_44_T",388,"2013, 2012, 2014","Demographic"
"56","Deaths, 45-49_Females","D_Y45_49_F",388,"2013, 2012, 2014, 2010","Demographic"
"57","Deaths, 45-49_Males","D_Y45_49_M",388,"2013, 2012, 2014, 2010","Demographic"
"58","Deaths, 45-49_Total","D_Y45_49_T",388,"2013, 2012, 2014","Demographic"
"59","Deaths, 5-9_Females","D_Y5_9_F",363,"2013, 2012, 2011, 2007, 2010, 2014, 2008","Demographic"
"60","Deaths, 5-9_Males","D_Y5_9_M",367,"2013, 2012, 2011, 2009, 2014, 2007","Demographic"
"61","Deaths, 5-9_Total","D_Y5_9_T",382,"2013, 2012, 2011, 2014, 2009, 2008, 2007","Demographic"
"62","Deaths, 50-54_Females","D_Y50_54_F",388,"2013, 2012, 2014","Demographic"
"63","Deaths, 50-54_Males","D_Y50_54_M",388,"2013, 2012, 2014","Demographic"
"64","Deaths, 50-54_Total","D_Y50_54_T",388,"2013, 2012, 2014","Demographic"
"65","Deaths, 55-59_Females","D_Y55_59_F",388,"2013, 2012, 2014","Demographic"
"66","Deaths, 55-59_Males","D_Y55_59_M",388,"2013, 2012, 2014","Demographic"
"67","Deaths, 55-59_Total","D_Y55_59_T",388,"2013, 2012, 2014","Demographic"
"68","Deaths, 60-64_Females","D_Y60_64_F",388,"2013, 2012, 2014","Demographic"
"69","Deaths, 60-64_Males","D_Y60_64_M",388,"2013, 2012, 2014","Demographic"
"70","Deaths, 60-64_Total","D_Y60_64_T",388,"2013, 2012, 2014","Demographic"
"71","Deaths, 65-69_Females","D_Y65_69_F",388,"2013, 2012, 2014","Demographic"
"72","Deaths, 65-69_Males","D_Y65_69_M",388,"2013, 2012, 2014","Demographic"
"73","Deaths, 65-69_Total","D_Y65_69_T",388,"2013, 2012, 2014","Demographic"
"74","Deaths, 70-74_Females","D_Y70_74_F",388,"2013, 2012, 2014","Demographic"
"75","Deaths, 70-74_Males","D_Y70_74_M",388,"2013, 2012, 2014","Demographic"
"76","Deaths, 70-74_Total","D_Y70_74_T",388,"2013, 2012, 2014","Demographic"
"77","Deaths, 75-79_Females","D_Y75_79_F",388,"2013, 2012, 2014","Demographic"
"78","Deaths, 75-79_Males","D_Y75_79_M",388,"2013, 2012, 2014","Demographic"
"79","Deaths, 75-79_Total","D_Y75_79_T",388,"2013, 2012, 2014","Demographic"
"80","Deaths, 80+_Females","D_Y80_MAX_F",388,"2013, 2012, 2014","Demographic"
"81","Deaths, 80+_Males","D_Y80_MAX_M",388,"2013, 2012, 2014","Demographic"
"82","Deaths, 80+_Total","D_Y80_MAX_T",388,"2013, 2012, 2014","Demographic"
"83","Deaths, All ages_Females","D_T_F",388,"2013, 2012, 2014","Demographic"
"84","Deaths, All ages_Males","D_T_M",388,"2013, 2012, 2014","Demographic"
"85","Deaths, All ages_Total","D_T_T",388,"2013, 2012, 2014","Demographic"
"86","Deaths, Old Group (65+)_Females","D_Y65_MAX_F",388,"2013, 2012, 2014","Demographic"
"87","Deaths, Old Group (65+)_Males","D_Y65_MAX_M",388,"2013, 2012, 2014","Demographic"
"88","Deaths, Old Group (65+)_Total","D_Y65_MAX_T",388,"2013, 2012, 2014","Demographic"
"89","Deaths, Working Age Group (15-64)_Females","D_Y15_64_F",375,"2013, 2012, 2011, 2014, 2009","Demographic"
"90","Deaths, Working Age Group (15-64)_Males","D_Y15_64_M",377,"2013, 2012, 2011, 2014","Demographic"
"91","Deaths, Working Age Group (15-64)_Total","D_Y15_64_T",384,"2013, 2012, 2014, 2009","Demographic"
"92","Deaths, Youth Group (0-14)_Females","D_Y0_14_F",359,"2013, 2012, 2011, 2007, 2014, 2010, 2008","Demographic"
"93","Deaths, Youth Group (0-14)_Males","D_Y0_14_M",363,"2013, 2012, 2011, 2009, 2007, 2014, 2010","Demographic"
"94","Deaths, Youth Group (0-14)_Total","D_Y0_14_T",377,"2013, 2012, 2011, 2014, 2009, 2008","Demographic"
"95","Dependency Ratio, Demographic (% -15 plus 65+ over population 15-64)_Total","DEM_DEP_RA_T",388,"2014, 2015","Demographic"
"96","Dependency Ratio, Elderly (% 65+ over population 15-64)_Total","ELD_DEP_RA_T",388,"2014, 2015","Demographic"
"97","Dependency Ratio, Youth (% -15 over population 15-64)_Total","YOU_DEP_RA_T",388,"2014, 2015","Demographic"
"98","Growth/Shrinking Index of the 65+ Elderly Population (2001=100)_Total","POP_65M_GI_T",362,"2014, 2015","Demographic"
"99","Growth/Shrinking Index of the Total Population (2001=100)_Total","POP_TOT_GI_T",388,"2014, 2015","Demographic"
"100","Infant Mortality Rate (less than 1 year deaths for 1 000 live births)_Females","INF_MORT_F",98,"2013, 2011, 2012","Demographic"
"101","Infant Mortality Rate (less than 1 year deaths for 1 000 live births)_Males","INF_MORT_M",99,"2013, 2011, 2012, 2009","Demographic"
"102","Infant Mortality Rate (less than 1 year deaths for 1 000 live births)_Total","INF_MORT_T",368,"2013, 2011, 2012, 2014","Demographic"
"103","Infant Mortality Rate - Gender difference (female-male)_Total","INF_SEXDIF_T",98,"2013, 2011, 2012","Demographic"
"104","Inter-regional migration rate, (% migrants over population)_Total","FLOWMIG_ALL_RA_T",329,"2013, 2014, 2012, 2009, 2011, 2010, 2006, 2008","Demographic"
"105","Inter-regional net flows migration rate, (% net flows over population)_Total","NETMIG_ALL_RA_T",328,"2013, 2014, 2012, 2009, 2011, 2010, 2006, 2008","Demographic"
"106","Life Expectancy at Birth_Females","LIFE_EXP_F",330,"2013, 2011, 2012, 2010, 2014","Demographic"
"107","Life Expectancy at Birth_Males","LIFE_EXP_M",330,"2013, 2011, 2012, 2010, 2014","Demographic"
"108","Life Expectancy at Birth_Total","LIFE_EXP_T",372,"2013, 2011, 2012, 2010, 2014","Demographic"
"109","Life Expectancy at Birth - Gender difference in Years (female-male)_Total","LIFE_SEXDIF_T",330,"2013, 2011, 2012, 2010, 2014","Demographic"
"110","Net inter-regional migration, All Persons (inflows minus outflows)_Total","NETMIG_ALL_T",328,"2013, 2014, 2012, 2009, 2011, 2010, 2006, 2008","Demographic"
"111","Net inter-regional migration, Persons aged 15 to 29(inflows minus outflows)_Total","NETMIG_15_29_T",192,"2013, 2012, 2011, 2014","Demographic"
"112","New residents in the region aged 15 to 29 coming from another region of the same country_Total","INMIG_15_29_T",192,"2013, 2012, 2011, 2014","Demographic"
"113","New residents in the region coming from another region of the same country_Total","INMIG_ALL_T",297,"2013, 2014, 2012, 2009, 2011, 2010, 2006, 2008","Demographic"
"114","Old Population Group (65+)_Females","Y65_MAX_F",388,"2014, 2015","Demographic"
"115","Old Population Group (65+)_Males","Y65_MAX_M",388,"2014, 2015","Demographic"
"116","Old Population Group (65+)_Total","Y65_MAX_T",388,"2014, 2015","Demographic"
"117","Persons aged 15 to 29 who left the region to reside in another region of the same country_Total","OUTMIG_15_29_T",192,"2013, 2012, 2011, 2014","Demographic"
"118","Persons who left the region to reside in another region of the same country_Total","OUTMIG_ALL_T",296,"2013, 2014, 2012, 2009, 2011, 2010, 2006, 2008","Demographic"
"119","Population density (pop. per km2)_Total","POP_DEN_T",388,"2014, 2015","Demographic"
"120","Population density growth index (2001=100)_Total","POP_DEN_GR_T",388,"2014, 2015","Demographic"
"121","Population, 0-4_Females","Y0_4_F",388,"2014, 2015","Demographic"
"122","Population, 0-4_Males","Y0_4_M",388,"2014, 2015","Demographic"
"123","Population, 0-4_Total","Y0_4_T",388,"2014, 2015","Demographic"
"124","Population, 10-14_Females","Y10_14_F",388,"2014, 2015","Demographic"
"125","Population, 10-14_Males","Y10_14_M",388,"2014, 2015","Demographic"
"126","Population, 10-14_Total","Y10_14_T",388,"2014, 2015","Demographic"
"127","Population, 15-19_Females","Y15_19_F",388,"2014, 2015","Demographic"
"128","Population, 15-19_Males","Y15_19_M",388,"2014, 2015","Demographic"
"129","Population, 15-19_Total","Y15_19_T",388,"2014, 2015","Demographic"
"130","Population, 20-24_Females","Y20_24_F",388,"2014, 2015","Demographic"
"131","Population, 20-24_Males","Y20_24_M",388,"2014, 2015","Demographic"
"132","Population, 20-24_Total","Y20_24_T",388,"2014, 2015","Demographic"
"133","Population, 25-29_Females","Y25_29_F",388,"2014, 2015","Demographic"
"134","Population, 25-29_Males","Y25_29_M",388,"2014, 2015","Demographic"
"135","Population, 25-29_Total","Y25_29_T",388,"2014, 2015","Demographic"
"136","Population, 30-34_Females","Y30_34_F",388,"2014, 2015","Demographic"
"137","Population, 30-34_Males","Y30_34_M",388,"2014, 2015","Demographic"
"138","Population, 30-34_Total","Y30_34_T",388,"2014, 2015","Demographic"
"139","Population, 35-39_Females","Y35_39_F",388,"2014, 2015","Demographic"
"140","Population, 35-39_Males","Y35_39_M",388,"2014, 2015","Demographic"
"141","Population, 35-39_Total","Y35_39_T",388,"2014, 2015","Demographic"
"142","Population, 40-44_Females","Y40_44_F",388,"2014, 2015","Demographic"
"143","Population, 40-44_Males","Y40_44_M",388,"2014, 2015","Demographic"
"144","Population, 40-44_Total","Y40_44_T",388,"2014, 2015","Demographic"
"145","Population, 45-49_Females","Y45_49_F",388,"2014, 2015","Demographic"
"146","Population, 45-49_Males","Y45_49_M",388,"2014, 2015","Demographic"
"147","Population, 45-49_Total","Y45_49_T",388,"2014, 2015","Demographic"
"148","Population, 5-9_Females","Y5_9_F",388,"2014, 2015","Demographic"
"149","Population, 5-9_Males","Y5_9_M",388,"2014, 2015","Demographic"
"150","Population, 5-9_Total","Y5_9_T",388,"2014, 2015","Demographic"
"151","Population, 50-54_Females","Y50_54_F",388,"2014, 2015","Demographic"
"152","Population, 50-54_Males","Y50_54_M",388,"2014, 2015","Demographic"
"153","Population, 50-54_Total","Y50_54_T",388,"2014, 2015","Demographic"
"154","Population, 55-59_Females","Y55_59_F",388,"2014, 2015","Demographic"
"155","Population, 55-59_Males","Y55_59_M",388,"2014, 2015","Demographic"
"156","Population, 55-59_Total","Y55_59_T",388,"2014, 2015","Demographic"
"157","Population, 60-64_Females","Y60_64_F",388,"2014, 2015","Demographic"
"158","Population, 60-64_Males","Y60_64_M",388,"2014, 2015","Demographic"
"159","Population, 60-64_Total","Y60_64_T",388,"2014, 2015","Demographic"
"160","Population, 65-69_Females","Y65_69_F",388,"2014, 2015","Demographic"
"161","Population, 65-69_Males","Y65_69_M",388,"2014, 2015","Demographic"
"162","Population, 65-69_Total","Y65_69_T",388,"2014, 2015","Demographic"
"163","Population, 70-74_Females","Y70_74_F",388,"2014, 2015","Demographic"
"164","Population, 70-74_Males","Y70_74_M",388,"2014, 2015","Demographic"
"165","Population, 70-74_Total","Y70_74_T",388,"2014, 2015","Demographic"
"166","Population, 75-79_Females","Y75_79_F",388,"2014, 2015","Demographic"
"167","Population, 75-79_Males","Y75_79_M",388,"2014, 2015","Demographic"
"168","Population, 75-79_Total","Y75_79_T",388,"2014, 2015","Demographic"
"169","Population, 80+_Females","Y80_MAX_F",388,"2014, 2015","Demographic"
"170","Population, 80+_Males","Y80_MAX_M",388,"2014, 2015","Demographic"
"171","Population, 80+_Total","Y80_MAX_T",388,"2014, 2015","Demographic"
"172","Population, All ages_Females","T_F",388,"2014, 2015","Demographic"
"173","Population, All ages_Males","T_M",388,"2014, 2015","Demographic"
"174","Population, All ages_Total","T_T",388,"2014, 2015","Demographic"
"175","Regional surface_Total","SURF_T",388,"2015","Demographic"
"176","Sex Ratio, Elderly Population (% 65+ population males over females )_Total","SR_ELD_RA_T",388,"2014, 2015","Demographic"
"177","Sex Ratio, Total Population (% population males over females )_Total","SR_TOT_RA_T",388,"2014, 2015","Demographic"
"178","Sex Ratio, Youth Population (% -15 population males over females )_Total","SR_YOU_RA_T",388,"2014, 2015","Demographic"
"179","Share of Elderly Population (% 65+ over total population)_Total","POP_65M_SH_T",388,"2014, 2015","Demographic"
"180","Share of Very Elderly Population (% 80+ over total population)_Total","POP_80M_SH_T",388,"2014, 2015","Demographic"
"181","Working Age Population Group (15-64)_Females","Y15_64_F",388,"2014, 2015","Demographic"
"182","Working Age Population Group (15-64)_Males","Y15_64_M",388,"2014, 2015","Demographic"
"183","Working Age Population Group (15-64)_Total","Y15_64_T",388,"2014, 2015","Demographic"
"184","Young migrants share (migrants 15 to 29 over total migrants)_Total","YOUNGMIG_SH_T",192,"2013, 2012, 2011, 2014","Demographic"
"185","Youth Population Group (0-14)_Females","Y0_14_F",388,"2014, 2015","Demographic"
"186","Youth Population Group (0-14)_Males","Y0_14_M",388,"2014, 2015","Demographic"
"187","Youth Population Group (0-14)_Total","Y0_14_T",388,"2014, 2015","Demographic"
"188","..Of which: Employment in manufacturing (ISIC rev4)","EMP_IND_10_VC",318,"2012, 2013, 2014, 2009, 2011","Economic"
"189","..Of which: GVA in manufacturing (ISIC rev4)","GVA_IND_10_VC",324,"2012, 2013, 2011","Economic"
"190","Disposable Household Income","INCOME_DISP",384,"2013, 2011, 2010, 2012, 2014","Economic"
"191","Employment in agriculture, forestry and fishing (ISIC rev4)","EMP_IND_10_VA",373,"2012, 2014, 2013, 2011, 2007","Economic"
"192","Employment in construction (ISIC rev4)","EMP_IND_10_VF",373,"2012, 2014, 2013, 2011","Economic"
"193","Employment in distributive trade, repairs, transport, accommod., food serv. activities (ISIC rev4)","EMP_IND_10_VG_I",335,"2012, 2014, 2013, 2011","Economic"
"194","Employment in financial and insurance activities (ISIC rev4)","EMP_IND_10_VK",323,"2012, 2014, 2013, 2011","Economic"
"195","Employment in industry, including energy (ISIC rev4)","EMP_IND_10_VB_E",373,"2012, 2014, 2013, 2011","Economic"
"196","Employment in information and communication (ISIC rev4)","EMP_IND_10_VJ",308,"2012, 2014, 2013, 2009, 2010, 2008, 2011","Economic"
"197","Employment in other services (ISIC rev4)","EMP_IND_10_VR_U",328,"2012, 2014, 2013, 2011","Economic"
"198","Employment in prof., scientific, techn. activities, admin., support service activities (ISIC rev4)","EMP_IND_10_VM_N",326,"2012, 2014, 2013, 2011","Economic"
"199","Employment in public admin., compulsory s.s., education, human health (ISIC rev4)","EMP_IND_10_VO_Q",350,"2012, 2014, 2013, 2011","Economic"
"200","Employment in real estate activities (ISIC rev4)","EMP_IND_10_VL",310,"2012, 2014, 2013, 2011","Economic"
"201","GVA in agriculture, forestry and fishing (ISIC rev4)","GVA_IND_10_VA",346,"2012, 2013, 2011","Economic"
"202","GVA in construction (ISIC rev4)","GVA_IND_10_VF",340,"2012, 2013, 2011","Economic"
"203","GVA in distributive trade, repairs, transport, accommod., food serv. activities (ISIC rev4)","GVA_IND_10_VG_I",308,"2012, 2013, 2011","Economic"
"204","GVA in financial and insurance activities (ISIC rev4)","GVA_IND_10_VK",315,"2012, 2013, 2011","Economic"
"205","GVA in industry, including energy (ISIC rev4)","GVA_IND_10_VB_E",340,"2012, 2013, 2011","Economic"
"206","GVA in information and communication (ISIC rev4)","GVA_IND_10_VJ",295,"2012, 2013, 2011","Economic"
"207","GVA in other services (ISIC rev4)","GVA_IND_10_VR_U",295,"2012, 2013, 2011","Economic"
"208","GVA in prof., scientific, techn. activities, admin., support service activities (ISIC rev4)","GVA_IND_10_VM_N",285,"2012, 2013, 2011","Economic"
"209","GVA in public admin., compulsory s.s., education, human health (ISIC rev4)","GVA_IND_10_VO_Q",308,"2012, 2013, 2011","Economic"
"210","GVA in real estate activities (ISIC rev4)","GVA_IND_10_VL",295,"2012, 2013, 2011","Economic"
"211","Labour utilisation (% Total Employment over Population)","LAB_UTIL",385,"2013, 2014, 2012, 2011","Economic"
"212","Primary Income of Private Households","INCOME_PRIM",318,"2013, 2011, 2010, 2012, 2014","Economic"
"213","Regional Employment at place of work, total activities","EMP_IND_TOTAL",385,"2013, 2014, 2012, 2011","Economic"
"214","Regional GDP","GDP",354,"2013, 2012, 2014","Economic"
"215","Regional Gross Value Added, total activities","GVA_IND_TOTAL",373,"2013, 2012, 2011","Economic"
"216","Employment in high-technology manufacturing","HT_MG_EMP_T",202,"2014, 2013, 2012, 2009, 2011, 2008, 2010","Innovation"
"217","Employment in knowledge-intensive services","KIS_EMP_T",266,"2014, 2012","Innovation"
"218","Labour Force Total","EDU_LF_T",386,"2014, 2013, 2012, 2010","Innovation"
"219","Labour Force with Elementary Education (ISCED 0-2)","EDU_LF_ISCED02",386,"2014, 2013, 2012, 2010","Innovation"
"220","Labour Force with Secondary education (ISCED 3-4)","EDU_LF_ISCED34",386,"2014, 2013, 2012, 2010","Innovation"
"221","Labour Force with Tertiary education (ISCED 5-8)","EDU_LF_ISCED58",386,"2014, 2013, 2012, 2010","Innovation"
"222","Labour Force with Unknown Educational Level","EDU_LF_NRESP",60,"2013, 2011, 2007, 2012","Innovation"
"223","PCT Patent Applications, count (fractional count; by inventor and priority year)","PCT",385,"2011, 2010, 2009, 2008, 2007, 2006","Innovation"
"224","PCT co-patent applications, count (fractional count; by inventor and priority year)","PCT_COPAT",383,"2011, 2010, 2008, 2007, 2009, 2006","Innovation"
"225","PCT patent applications per million inhabitants (fractional count; by inventor and priority year) - level","PCT_MILLION",341,"2011, 2010, 2009, 2008, 2007","Innovation"
"226","Percent of PCT co-patent applications that are done with foreign regions","PCT_FREGION_PER",374,"2011, 2010, 2007, 2008, 2009, 2006","Innovation"
"227","Percent of PCT co-patent applications that are done within the country","PCT_WCOUNTRY_PER",372,"2011, 2010, 2008, 2009, 2006, 2007","Innovation"
"228","Percent of PCT co-patent applications that are done within the region","PCT_WREGION_PER",380,"2011, 2010, 2008, 2007, 2009, 2006","Innovation"
"229","R&D Expenditures Performed by the Business Sector (millions USD, constant prices, constant PPP, base year 2010)","RD_EXP_BUS_PPP",299,"2013, 2012, 2011, 2008, 2014","Innovation"
"230","R&D Expenditures Performed by the Business Sector (millions of current national currency)","RD_EXP_BUS",299,"2013, 2012, 2011, 2008, 2014","Innovation"
"231","R&D Expenditures Performed by the Government Sector (millions USD, constant prices, constant PPP, base year 2010)","RD_EXP_GOV_PPP",302,"2013, 2011, 2009, 2012, 2010, 2008, 2014, 2007","Innovation"
"232","R&D Expenditures Performed by the Government Sector (millions of current national currency)","RD_EXP_GOV",302,"2013, 2011, 2009, 2012, 2010, 2008, 2014, 2007","Innovation"
"233","R&D Expenditures Performed by the Higher Education Sector (millions USD, constant prices, constant PPP, base year 2010)","RD_EXP_HE_PPP",292,"2013, 2012, 2011, 2008, 2014","Innovation"
"234","R&D Expenditures Performed by the Higher Education Sector (millions of current national currency)","RD_EXP_HE",292,"2013, 2012, 2011, 2008, 2014","Innovation"
"235","R&D Expenditures Performed by the Private and Non-Profit Sector (millions USD, constant prices, constant PPP, base year 2010)","RD_EXP_PNP_PPP",217,"2011, 2013, 2009, 2012, 2010, 2008, 2007","Innovation"
"236","R&D Expenditures Performed by the Private and Non-Profit Sector (millions of current national currency)","RD_EXP_PNP",217,"2011, 2013, 2009, 2012, 2010, 2008, 2007","Innovation"
"237","R&D Personnel Employed by the Business Sector","RD_PER_BUS",240,"2013, 2012, 2008","Innovation"
"238","R&D Personnel Employed by the Business Sector Rate (in % of total employment)","RD_PER_BUS_RA",240,"2013, 2012, 2008","Innovation"
"239","R&D Personnel Employed by the Government Sector","RD_PER_GOV",215,"2013, 2011, 2009, 2012, 2010, 2014, 2008","Innovation"
"240","R&D Personnel Employed by the Government Sector Rate (in % of total employment)","RD_PER_GOV_RA",215,"2013, 2011, 2009, 2012, 2010, 2014, 2008","Innovation"
"241","R&D Personnel Employed by the Higher Education Sector","RD_PER_HE",210,"2013, 2012, 2011, 2008","Innovation"
"242","R&D Personnel Employed by the Higher Education Sector Rate (in % of total employment)","RD_PER_HE_RA",210,"2013, 2012, 2011, 2008","Innovation"
"243","R&D Personnel Employed by the Private and Non-Profit Sector","RD_PER_PNP",140,"2013, 2011, 2009, 2012, 2010, 2006, 2007","Innovation"
"244","R&D Personnel Employed by the Private and Non-Profit Sector Rate (in % of total employment)","RD_PER_PNP_RA",140,"2013, 2011, 2009, 2012, 2010, 2006, 2007","Innovation"
"245","R&D Total Expenditure (millions USD, constant prices, constant PPP, base year 2010)","RD_EXP_TOT_PPP",292,"2013, 2010, 2012, 2011, 2008, 2014","Innovation"
"246","R&D Total Expenditure (millions of current national currency)","RD_EXP_TOT",292,"2013, 2010, 2012, 2011, 2008, 2014","Innovation"
"247","R&D Total Personnel","RD_PER_TOT",256,"2013, 2012","Innovation"
"248","R&D Total Personnel Rate (in % of total employment)","RD_PER_TOT_RA",256,"2013, 2012","Innovation"
"249","Share of Labour Force with Elementary Education (in % of labour force)","EDU_LF_ISCED02_SH",386,"2014, 2013, 2012, 2010","Innovation"
"250","Share of Labour Force with Secondary Education (in % of labour force)","EDU_LF_ISCED34_SH",386,"2014, 2013, 2012, 2010","Innovation"
"251","Share of Labour Force with Tertiary Education (in % of labour force)","EDU_LF_ISCED58_SH",386,"2014, 2013, 2012, 2010","Innovation"
"252","Share of R&D Expenditures Performed by the Business Sector (in % of GDP)","RD_EXP_BUS_SH",293,"2013, 2012, 2011","Innovation"
"253","Share of R&D Expenditures Performed by the Government Sector (in % of GDP)","RD_EXP_GOV_SH",296,"2013, 2011, 2009, 2012, 2010, 2008, 2007","Innovation"
"254","Share of R&D Expenditures Performed by the Higher Education Sector (in % of GDP)","RD_EXP_HE_SH",286,"2013, 2012, 2011","Innovation"
"255","Share of R&D Expenditures Performed by the Private and Non-Profit Sector (in % of GDP)","RD_EXP_PNP_SH",211,"2011, 2013, 2009, 2012, 2010, 2008, 2007","Innovation"
"256","Share of R&D Total Expenditure (in % of GDP)","RD_EXP_TOT_SH",286,"2013, 2010, 2012, 2011","Innovation"
"257","Share of employment in high-technology manufacturing (in % of total employment)","HT_MG_EMP_T_SH",202,"2014, 2013, 2012, 2009, 2011, 2008, 2010","Innovation"
"258","Share of employment in knowledge-intensive services (as a share of total employment)","KIS_EMP_T_SH",266,"2014, 2012","Innovation"
"259","Student Enrolment Total","STU_ENR_TOTAL",361,"2012, 2010, 2013, 2014, 2011, 2009","Innovation"
"260","Student Enrolment at Elementary Level (ISCED 0-2)","STU_ENR_ISCED02",356,"2012, 2014, 2010, 2013, 2011, 2009","Innovation"
"261","Student Enrolment at Elementary Level Rate (in % of population)","STU_ENR_ISCED02_RA",344,"2012, 2014, 2010, 2013, 2011, 2009","Innovation"
"262","Student Enrolment at Secondary Level (ISCED 3-4)","STU_ENR_ISCED34",348,"2012, 2010, 2013, 2009, 2008, 2006, 2014, 2011","Innovation"
"263","Student Enrolment at Secondary Level Rate (in % of population)","STU_ENR_ISCED34_RA",336,"2012, 2010, 2013, 2009, 2008, 2006, 2011, 2014","Innovation"
"264","Student Enrolment at Tertiary Level (ISCED 5-6)","STU_ENR_ISCED56",361,"2012, 2011, 2013, 2014, 2009","Innovation"
"265","Student Enrolment at Tertiary Level Rate (in % of population)","STU_ENR_ISCED56_RA",336,"2012, 2011, 2013, 2014, 2009","Innovation"
"266","Total employment, all activities","TOTAL_EMP_T",61,"2012","Innovation"
"267","Employment (15 years old and over)_Females","EMP_Y15_MAX_F",386,"2014, 2013, 2012","Labour"
"268","Employment (15 years old and over)_Males","EMP_Y15_MAX_M",386,"2014, 2013, 2012","Labour"
"269","Employment (15 years old and over)_Total","EMP_Y15_MAX_T",386,"2014","Labour"
"270","Employment Rate (% employment 15+ over population 15+)_Total","EMH_RA_T",376,"2014","Labour"
"271","Employment Rate (% employment 15+ over working age population 15-64)_Females","EMP_RA_F",386,"2014, 2013, 2012","Labour"
"272","Employment Rate (% employment 15+ over working age population 15-64)_Males","EMP_RA_M",386,"2014, 2013, 2012","Labour"
"273","Employment Rate (% employment 15+ over working age population 15-64)_Total","EMP_RA_T",386,"2014","Labour"
"274","Employment Rate Growth Index (2001=100)_Females","EMP_RA_GR_2001_F",342,"2014, 2013, 2012","Labour"
"275","Employment Rate Growth Index (2001=100)_Males","EMP_RA_GR_2001_M",342,"2014, 2013, 2012","Labour"
"276","Employment Rate Growth Index (2001=100)_Total","EMP_RA_GR_2001_T",355,"2014","Labour"
"277","Employment Rate Growth Index (2007=100)_Females","EMP_RA_GR_2007_F",347,"2014, 2013, 2012","Labour"
"278","Employment Rate Growth Index (2007=100)_Males","EMP_RA_GR_2007_M",347,"2014, 2013, 2012","Labour"
"279","Employment Rate Growth Index (2007=100)_Total","EMP_RA_GR_2007_T",360,"2014","Labour"
"280","Labour Force (15 years old and over)_Females","LF_Y15_MAX_F",386,"2014, 2013, 2011","Labour"
"281","Labour Force (15 years old and over)_Males","LF_Y15_MAX_M",386,"2014, 2013, 2011","Labour"
"282","Labour Force (15 years old and over)_Total","LF_Y15_MAX_T",386,"2014","Labour"
"283","Long Term Unemployment (15 years old and over, unemployed 12 months or more)_Total","LT_UNEM_T",318,"2013, 2014, 2012","Labour"
"284","Long Term Unemployment Incidence (% LT unemployment over total unemployment)_Total","LT_UNEM_SH_T",318,"2013, 2014, 2012","Labour"
"285","Long Term Unemployment Incidence Growth Index (2001=100)_Total","LT_UNEM_SH_GR_2001_T",246,"2013, 2014, 2012","Labour"
"286","Long Term Unemployment Incidence Growth Index (2007=100)_Total","LT_UNEM_SH_GR_2007_T",294,"2013, 2014, 2012","Labour"
"287","Long Term Unemployment Rate (% LT unemployment over labour force)_Total","LT_UNEM_RA_T",318,"2013, 2014, 2012","Labour"
"288","Long Term Unemployment Rate Growth Index (2001=100)_Total","LT_UNEM_RA_GR_2001_T",246,"2013, 2014, 2012","Labour"
"289","Long Term Unemployment Rate Growth Index (2007=100)_Total","LT_UNEM_RA_GR_2007_T",294,"2013, 2014, 2012","Labour"
"290","Part-Time Employment  (15 years old and over, working under 30 hours per week)_Females","EMP_PT_F",360,"2014, 2013","Labour"
"291","Part-Time Employment  (15 years old and over, working under 30 hours per week)_Males","EMP_PT_M",360,"2014, 2013","Labour"
"292","Part-Time Employment  (15 years old and over, working under 30 hours per week)_Total","EMP_PT_T",362,"2014, 2013","Labour"
"293","Part-Time Employment Incidence (% part-time employees over total employment)_Females","EMP_PT_SH_F",360,"2014, 2013","Labour"
"294","Part-Time Employment Incidence (% part-time employees over total employment)_Males","EMP_PT_SH_M",360,"2014, 2013","Labour"
"295","Part-Time Employment Incidence (% part-time employees over total employment)_Total","EMP_PT_SH_T",362,"2014, 2013","Labour"
"296","Part-Time Employment Incidence Gender difference (female-male)_Total","EMP_PT_SH_SEXDIF_T",360,"2014, 2013","Labour"
"297","Participation Rate (% labour force 15+ over population 15+)_Females","PARTIC_RA_F",386,"2014, 2013, 2011","Labour"
"298","Participation Rate (% labour force 15+ over population 15+)_Males","PARTIC_RA_M",386,"2014, 2013, 2011","Labour"
"299","Participation Rate (% labour force 15+ over population 15+)_Total","PARTIC_RA_T",386,"2014","Labour"
"300","Participation Rate Gender difference (female-male)_Total","PARTIC_RA_SEXDIF_T",386,"2014, 2013, 2011","Labour"
"301","Participation Rate Growth Index (2001=100)_Females","PARTIC_RA_GR_2001_F",342,"2014, 2013, 2011","Labour"
"302","Participation Rate Growth Index (2001=100)_Males","PARTIC_RA_GR_2001_M",342,"2014, 2013, 2011","Labour"
"303","Participation Rate Growth Index (2001=100)_Total","PARTIC_RA_GR_2001_T",355,"2014","Labour"
"304","Participation Rate Growth Index (2007=100)_Females","PARTIC_RA_GR_2007_F",347,"2014, 2013, 2011","Labour"
"305","Participation Rate Growth Index (2007=100)_Males","PARTIC_RA_GR_2007_M",347,"2014, 2013, 2011","Labour"
"306","Participation Rate Growth Index (2007=100)_Total","PARTIC_RA_GR_2007_T",360,"2014","Labour"
"307","Unemployment (15 years old and over)_Females","UNEM_Y15_MAX_F",386,"2014, 2013, 2011","Labour"
"308","Unemployment (15 years old and over)_Males","UNEM_Y15_MAX_M",386,"2014, 2013, 2012, 2011","Labour"
"309","Unemployment (15 years old and over)_Total","UNEM_Y15_MAX_T",386,"2014","Labour"
"310","Unemployment Rate (% unemployment 15+ over labour force 15+)_Females","UNEM_RA_F",386,"2014, 2013, 2011","Labour"
"311","Unemployment Rate (% unemployment 15+ over labour force 15+)_Males","UNEM_RA_M",386,"2014, 2013, 2012, 2011","Labour"
"312","Unemployment Rate (% unemployment 15+ over labour force 15+)_Total","UNEM_RA_T",386,"2014","Labour"
"313","Unemployment Rate Gender difference (female-male)_Total","UNEM_RA_SEXDIF_T",386,"2014, 2013, 2012, 2011","Labour"
"314","Unemployment Rate Growth Index (2001=100)_Females","UNEM_RA_GR_2001_F",306,"2014, 2013, 2011","Labour"
"315","Unemployment Rate Growth Index (2001=100)_Males","UNEM_RA_GR_2001_M",305,"2014, 2013, 2012, 2011","Labour"
"316","Unemployment Rate Growth Index (2001=100)_Total","UNEM_RA_GR_2001_T",355,"2014","Labour"
"317","Unemployment Rate Growth Index (2007=100)_Females","UNEM_RA_GR_2007_F",339,"2014, 2013, 2011","Labour"
"318","Unemployment Rate Growth Index (2007=100)_Males","UNEM_RA_GR_2007_M",340,"2014, 2013, 2012, 2011","Labour"
"319","Unemployment Rate Growth Index (2007=100)_Total","UNEM_RA_GR_2007_T",386,"2014","Labour"
"320","Working Age Population (15 years old and over)_Females","POP_Y15_MAX_F",386,"2014","Labour"
"321","Working Age Population (15 years old and over)_Males","POP_Y15_MAX_M",386,"2014","Labour"
"322","Working Age Population (15 years old and over)_Total","POP_Y15_MAX_T",386,"2014","Labour"
"323","Youth Employment (15-24 years old)_Females","EMP_Y15_24_F",238,"2014, 2008, 2007, 2011, 2012, 2013, 2010","Labour"
"324","Youth Employment (15-24 years old)_Males","EMP_Y15_24_M",240,"2014, 2011, 2013, 2009, 2012, 2010","Labour"
"325","Youth Employment (15-24 years old)_Total","EMP_Y15_24_T",240,"2014","Labour"
"326","Youth Labour Force (15-24 years old)_Females","LF_Y15_24_F",239,"2014, 2013","Labour"
"327","Youth Labour Force (15-24 years old)_Males","LF_Y15_24_M",240,"2014, 2013","Labour"
"328","Youth Labour Force (15-24 years old)_Total","LF_Y15_24_T",379,"2014, 2009, 2013, 2011, 2012","Labour"
"329","Youth Unemployment (15-24 years old)_Females","UNEM_Y15_24_F",224,"2014, 2013, 2012, 2008, 2009, 2011, 2006","Labour"
"330","Youth Unemployment (15-24 years old)_Males","UNEM_Y15_24_M",226,"2014, 2013, 2009, 2012, 2010","Labour"
"331","Youth Unemployment (15-24 years old)_Total","UNEM_Y15_24_T",365,"2014, 2009, 2012, 2013, 2011","Labour"
"332","Youth Unemployment Rate (% unemployment 15-24 over labour force 15-24)_Females","UNEM_Y15_24_RA_F",224,"2014, 2013, 2012, 2008, 2009, 2011, 2006","Labour"
"333","Youth Unemployment Rate (% unemployment 15-24 over labour force 15-24)_Males","UNEM_Y15_24_RA_M",226,"2014, 2013, 2009, 2012, 2010","Labour"
"334","Youth Unemployment Rate (% unemployment 15-24 over labour force 15-24)_Total","UNEM_Y15_24_RA_T",365,"2014, 2009, 2012, 2013, 2011","Labour"
"335","Active Physicians (number)","DOC",369,"2013, 2012, 2011, 2010, 2014","Social"
"336","Active Physicians Rate (physicians for 1000 population)","DOC_RA",369,"2013, 2012, 2011, 2010, 2014","Social"
"337","Air Pollution in PM10 < 20 µg/m3 (number of inhabitants exposed to particles)","PM10_LESS20",177,"2010","Social"
"338","Air Pollution in PM10 > 20 µg/m3 (number of inhabitants exposed to particles)","PM10_20MORE",177,"2010","Social"
"339","Air Pollution in PM2.5 (average level in µg/m³ experienced by the population)","AIR_POL",388,"2013, 2012","Social"
"340","Average number of rooms per inhabitant (rooms per capita)","ROOMS_PC",360,"2013, 2011, 2012, 2014, 2010","Social"
"341","CO2 Emissions (in kilo tonnes)","CO2_KTONNES",388,"2008","Social"
"342","CO2 Emissions Rate (in tonnes per capita)","CO2_CAPITA",388,"2008","Social"
"343","CO2 Emissions Share from the Energy Sector (in % of total emissions)","CO2_ENERGY_SH",44,"2008","Social"
"344","CO2 Emissions Share from the Transport Sector (in % of total emissions)","CO2_TRANSP_SH",44,"2008","Social"
"345","Hospital Bed Rate (hospital beds for 10 000 population)","HOSP_BED_RA",340,"2013, 2012, 2010, 2009, 2011","Social"
"346","Hospital Beds (number)","HOSP_BED",340,"2013, 2012, 2010, 2009, 2011","Social"
"347","Intentional Homicide Rate (homicides for 100 000 population)","HOMIC_RA",362,"2013, 2012, 2010, 2014, 2011","Social"
"348","Intentional Homicides (number)","HOMIC",362,"2014, 2013, 2012, 2010, 2011","Social"
"349","Mortality rate due to transport accident (deaths for  100 000 population)","MORT_TRANSP_RA",332,"2010, 2014, 2012, 2009, 2013","Social"
"350","Motor Vehicle Theft Rate (number)","VEH_THEFT",313,"2014, 2013, 2011, 2012, 2010","Social"
"351","Motor Vehicle Theft Rate (vehicule theft for 10 000 population)","VEH_THEFT_RA",313,"2013, 2011, 2012, 2014, 2010","Social"
"352","Municipal Waste (in kilo-tonnes)","WASTE",279,"2013, 2009, 2008, 2012, 2010, 2011","Social"
"353","Municipal Waste Rate (kilos per capita)","WASTE_RA",279,"2013, 2009, 2008, 2012, 2010, 2011","Social"
"354","NO2 Emissions (in 10^n molecules/cm2)","NO2_EMISSIONS",44,"2012","Social"
"355","Net Ecosystem Productivity measured by CO2 Sequestration or Release (in g/m2)","CO2_SEQUEST",44,"2011","Social"
"356","Private Vehicles (number)","VEH",361,"2014, 2009, 2012, 2011, 2010, 2013","Social"
"357","Private Vehicles Rate (number of vehicles for 100 population)","VEH_RA",361,"2013, 2014, 2009, 2012, 2011, 2010","Social"
"358","Rate of Early Females Leavers from Education and Training (in % of the female population aged 18 to 24)","LEAVERS_F_RA",228,"2014, 2011, 2006, 2013, 2012, 2009, 2010, 2008","Social"
"359","Rate of Early Leavers from Education and Training (in % of the total population aged 18 to 24)","LEAVERS_T_RA",242,"2014, 2012, 2010, 2013, 2011","Social"
"360","Rate of Early Leavers from Education and Training - Gender difference (female-male)","LEAVERS_RA_SEXDIF",227,"2014, 2010, 2006, 2013, 2012, 2009, 2011, 2008","Social"
"361","Rate of Early Males Leavers from Education and Training (in % of the male population aged 18 to 24)","LEAVERS_M_RA",233,"2014, 2010, 2012, 2013, 2011, 2009, 2007","Social"
"362","Rate of Young Females Not in Employment and not in any Education and Training (in % of the female population aged 18 to 24)","NEET_F_RA",242,"2014, 2013, 2009, 2012","Social"
"363","Rate of Young Males Not in Employment and not in any Education and Training (in % of the male population aged 18 to 24)","NEET_M_RA",241,"2014, 2013, 2009, 2012, 2010","Social"
"364","Rate of Young People Not in Employment and not in any Education and Training (in % of the total population aged 18 to 24)","NEET_T_RA",265,"2014, 2012, 2013","Social"
"365","Rate of Young People Not in Employment and not in any Education and Training - Gender difference (female-male)","NEET_RA_SEXDIF",240,"2014, 2013, 2009, 2012","Social"
"366","Share of Housing Cost (in % of household disposable income)","HOUSE_COST_SH",190,"2013, 2011, 2012, 2010","Social"
"367","Share of households with internet broadband access (in % of total households)","BB_ACC",375,"2014, 2013, 2012, 2011","Social"
"368","Vegetation Coverage Share (in % of regional land)","VEGET_COVER_R",43,"2008","Social"
"369","Voters Turnout to General Elections (in % of registered voters who voted)","VOTERS_RA",374,"2013, 2014, 2015, 2012, 2011","Social"
